-- MySQL dump 10.13  Distrib 5.7.20, for Linux (x86_64)
--
-- Host: 127.0.0.1    Database: visalie
-- ------------------------------------------------------
-- Server version	5.7.20-0ubuntu0.16.04.1

/*!40101 SET @OLD_CHARACTER_SET_CLIENT=@@CHARACTER_SET_CLIENT */;
/*!40101 SET @OLD_CHARACTER_SET_RESULTS=@@CHARACTER_SET_RESULTS */;
/*!40101 SET @OLD_COLLATION_CONNECTION=@@COLLATION_CONNECTION */;
/*!40101 SET NAMES utf8 */;
/*!40103 SET @OLD_TIME_ZONE=@@TIME_ZONE */;
/*!40103 SET TIME_ZONE='+00:00' */;
/*!40014 SET @OLD_UNIQUE_CHECKS=@@UNIQUE_CHECKS, UNIQUE_CHECKS=0 */;
/*!40014 SET @OLD_FOREIGN_KEY_CHECKS=@@FOREIGN_KEY_CHECKS, FOREIGN_KEY_CHECKS=0 */;
/*!40101 SET @OLD_SQL_MODE=@@SQL_MODE, SQL_MODE='NO_AUTO_VALUE_ON_ZERO' */;
/*!40111 SET @OLD_SQL_NOTES=@@SQL_NOTES, SQL_NOTES=0 */;

--
-- Table structure for table `t_log`
--

DROP TABLE IF EXISTS `t_log`;
/*!40101 SET @saved_cs_client     = @@character_set_client */;
/*!40101 SET character_set_client = utf8 */;
CREATE TABLE `t_log` (
  `id` bigint(20) NOT NULL AUTO_INCREMENT,
  `user_id` varchar(30) DEFAULT NULL COMMENT '操作用户ID',
  `user_name` varchar(255) DEFAULT NULL COMMENT '操作人名称',
  `oper_time` datetime DEFAULT NULL COMMENT '操作时间(yyyy-MM-dd HH:mm:ss)',
  `client_ip` varchar(20) DEFAULT NULL COMMENT '登录IP',
  `req_url` varchar(100) DEFAULT NULL COMMENT '请求地址',
  `method` varchar(100) DEFAULT NULL COMMENT '请求方法名称',
  `oper_event` varchar(300) DEFAULT NULL COMMENT '操作事件（删除，新增，修改，查询，登录，退出）',
  `oper_status` tinyint(2) DEFAULT NULL COMMENT '操作状态（1：成功，2：失败）',
  `log_desc` varchar(300) DEFAULT NULL COMMENT '描述信息',
  PRIMARY KEY (`id`)
) ENGINE=InnoDB AUTO_INCREMENT=339 DEFAULT CHARSET=utf8 COMMENT='日志表';
/*!40101 SET character_set_client = @saved_cs_client */;

--
-- Dumping data for table `t_log`
--

LOCK TABLES `t_log` WRITE;
/*!40000 ALTER TABLE `t_log` DISABLE KEYS */;
INSERT INTO `t_log` VALUES (1,NULL,NULL,'2017-11-18 20:31:26','127.0.0.1','/','com.visalie.controller.IndexController,index','??index??????????{}?',1,NULL),(2,NULL,NULL,'2017-11-18 20:31:26','127.0.0.1','/','com.visalie.controller.IndexController,index','??index??????????{}?',1,NULL),(3,NULL,NULL,'2017-11-18 20:31:27','127.0.0.1','/','com.visalie.controller.IndexController,index','??index??????????{}?',1,NULL),(4,NULL,NULL,'2017-11-18 20:31:27','127.0.0.1','/','com.visalie.controller.IndexController,index','??index??????????{}?',1,NULL),(5,NULL,NULL,'2017-11-18 20:31:28','0:0:0:0:0:0:0:1','/','com.visalie.controller.IndexController,index','??index??????????{}?',1,NULL),(6,NULL,NULL,'2017-11-18 20:31:28','0:0:0:0:0:0:0:1','/','com.visalie.controller.IndexController,index','??index??????????{}?',1,NULL),(7,NULL,NULL,'2017-11-18 20:31:32','0:0:0:0:0:0:0:1','/','com.visalie.controller.IndexController,index','??index??????????{}?',1,NULL),(8,NULL,NULL,'2017-11-18 20:31:32','0:0:0:0:0:0:0:1','/','com.visalie.controller.IndexController,index','??index??????????{}?',1,NULL),(9,NULL,NULL,'2017-11-18 20:31:33','0:0:0:0:0:0:0:1','/guest/login','com.visalie.controller.LoginController,login','?????????{}?',1,NULL),(10,'3','admin','2017-11-18 20:31:35','0:0:0:0:0:0:0:1','/guest/loginPost','com.visalie.controller.LoginController,loginPost','??????????????admin,admin?',1,NULL),(11,'3','admin','2017-11-18 20:31:35','0:0:0:0:0:0:0:1','/guest/loginPost','com.visalie.controller.LoginController,loginPost','??????????????admin,admin?',1,NULL),(12,NULL,NULL,'2017-11-19 21:39:29','0:0:0:0:0:0:0:1','/back/','com.visalie.back.controller.IndexController,index','??index??????????{}?',1,NULL),(13,NULL,NULL,'2017-11-19 21:39:29','0:0:0:0:0:0:0:1','/back/','com.visalie.back.controller.IndexController,index','??index??????????{}?',1,NULL),(14,NULL,NULL,'2017-11-19 21:39:31','0:0:0:0:0:0:0:1','/back/','com.visalie.back.controller.IndexController,index','??index??????????{}?',1,NULL),(15,NULL,NULL,'2017-11-19 21:39:31','0:0:0:0:0:0:0:1','/back/','com.visalie.back.controller.IndexController,index','??index??????????{}?',1,NULL),(16,NULL,NULL,'2017-11-19 21:39:33','0:0:0:0:0:0:0:1','/back/guest/login','com.visalie.back.controller.LoginController,login','?????????{}?',1,NULL),(17,'3','admin','2017-11-19 21:39:34','0:0:0:0:0:0:0:1','/back/guest/loginPost','com.visalie.back.controller.LoginController,loginPost','??????????????admin,admin?',1,NULL),(18,'3','admin','2017-11-19 21:39:34','0:0:0:0:0:0:0:1','/back/guest/loginPost','com.visalie.back.controller.LoginController,loginPost','??????????????admin,admin?',1,NULL),(19,'3','admin','2017-11-19 21:39:36','0:0:0:0:0:0:0:1','/back/guest/loginPost','com.visalie.back.controller.LoginController,loginPost','??????????????admin,admin2?',1,NULL),(20,'3','admin','2017-11-19 21:39:36','0:0:0:0:0:0:0:1','/back/guest/loginPost','com.visalie.back.controller.LoginController,loginPost','??????????????admin,admin2?',1,NULL),(21,'3','admin','2017-11-19 21:39:37','0:0:0:0:0:0:0:1','/back/manage/user/user','com.visalie.back.controller.UserController,userManager','?????????{}?',1,NULL),(22,'3','admin','2017-11-19 21:39:38','0:0:0:0:0:0:0:1','/back/manage/user/testPOJO','com.visalie.back.controller.UserController,testPOJO','?????????{}?',1,NULL),(23,NULL,NULL,'2017-11-20 13:08:07','0:0:0:0:0:0:0:1','/back/','com.visalie.back.controller.IndexController,index','??index??????????{}?',1,NULL),(24,NULL,NULL,'2017-11-20 13:08:07','0:0:0:0:0:0:0:1','/back/','com.visalie.back.controller.IndexController,index','??index??????????{}?',1,NULL),(25,NULL,NULL,'2017-11-20 13:13:54','0:0:0:0:0:0:0:1','/back/','com.visalie.back.controller.IndexController,index','??index??????????{}?',1,NULL),(26,NULL,NULL,'2017-11-20 13:13:54','0:0:0:0:0:0:0:1','/back/','com.visalie.back.controller.IndexController,index','??index??????????{}?',1,NULL),(27,NULL,NULL,'2017-11-20 13:13:56','0:0:0:0:0:0:0:1','/back/','com.visalie.back.controller.IndexController,index','??index??????????{}?',1,NULL),(28,NULL,NULL,'2017-11-20 13:13:56','0:0:0:0:0:0:0:1','/back/','com.visalie.back.controller.IndexController,index','??index??????????{}?',1,NULL),(29,NULL,NULL,'2017-11-20 13:13:59','0:0:0:0:0:0:0:1','/back/guest/login','com.visalie.back.controller.LoginController,login','?????????{}?',1,NULL),(30,'3','admin','2017-11-20 13:14:00','0:0:0:0:0:0:0:1','/back/guest/loginPost','com.visalie.back.controller.LoginController,loginPost','??????????????admin,admin?',1,NULL),(31,'3','admin','2017-11-20 13:14:00','0:0:0:0:0:0:0:1','/back/guest/loginPost','com.visalie.back.controller.LoginController,loginPost','??????????????admin,admin?',1,NULL),(32,'3','admin','2017-11-20 13:14:01','0:0:0:0:0:0:0:1','/back/guest/loginPost','com.visalie.back.controller.LoginController,loginPost','??????????????admin,admin?',1,NULL),(33,'3','admin','2017-11-20 13:14:01','0:0:0:0:0:0:0:1','/back/guest/loginPost','com.visalie.back.controller.LoginController,loginPost','??????????????admin,admin?',1,NULL),(34,'3','admin','2017-11-20 13:14:02','0:0:0:0:0:0:0:1','/back/manage/user/user','com.visalie.back.controller.UserController,userManager','?????????{}?',1,NULL),(35,'3','admin','2017-11-20 13:14:03','0:0:0:0:0:0:0:1','/back/manage/user/testPOJO','com.visalie.back.controller.UserController,testPOJO','?????????{}?',1,NULL),(36,NULL,NULL,'2017-11-20 13:14:04','0:0:0:0:0:0:0:1','/back/logout','com.visalie.back.controller.LoginController,logout','???????',1,NULL),(37,NULL,NULL,'2017-11-20 13:14:04','0:0:0:0:0:0:0:1','/back/logout','com.visalie.back.controller.LoginController,logout','???????',1,NULL),(38,NULL,NULL,'2017-11-20 13:14:04','0:0:0:0:0:0:0:1','/back/','com.visalie.back.controller.IndexController,index','??index??????????{}?',1,NULL),(39,NULL,NULL,'2017-11-20 13:14:04','0:0:0:0:0:0:0:1','/back/','com.visalie.back.controller.IndexController,index','??index??????????{}?',1,NULL),(40,NULL,NULL,'2017-11-20 13:14:05','0:0:0:0:0:0:0:1','/back/guest/login','com.visalie.back.controller.LoginController,login','?????????{}?',1,NULL),(41,NULL,NULL,'2017-11-20 13:14:07','0:0:0:0:0:0:0:1','/back/guest/loginPost','com.visalie.back.controller.LoginController,loginPost','??????????????admin,admin2?',1,NULL),(42,NULL,NULL,'2017-11-20 13:14:07','0:0:0:0:0:0:0:1','/back/guest/loginPost','com.visalie.back.controller.LoginController,loginPost','??????????????admin,admin2?',1,NULL),(43,NULL,NULL,'2017-11-20 13:14:08','0:0:0:0:0:0:0:1','/back/guest/login','com.visalie.back.controller.LoginController,login','?????????{}?',1,NULL),(44,NULL,NULL,'2017-11-20 13:14:10','0:0:0:0:0:0:0:1','/back/guest/login','com.visalie.back.controller.LoginController,login','?????????{}?',1,NULL),(45,NULL,NULL,'2017-11-20 13:14:12','0:0:0:0:0:0:0:1','/back/guest/login','com.visalie.back.controller.LoginController,login','?????????{}?',1,NULL),(46,'3','admin','2017-11-20 13:14:14','0:0:0:0:0:0:0:1','/back/guest/loginPost','com.visalie.back.controller.LoginController,loginPost','??????????????admin,admin?',1,NULL),(47,'3','admin','2017-11-20 13:14:14','0:0:0:0:0:0:0:1','/back/guest/loginPost','com.visalie.back.controller.LoginController,loginPost','??????????????admin,admin?',1,NULL),(48,'3','admin','2017-11-20 13:14:15','0:0:0:0:0:0:0:1','/back/manage/user/user','com.visalie.back.controller.UserController,userManager','?????????{}?',1,NULL),(49,'3','admin','2017-11-20 13:14:15','0:0:0:0:0:0:0:1','/back/manage/user/testPOJO','com.visalie.back.controller.UserController,testPOJO','?????????{}?',1,NULL),(50,NULL,NULL,'2017-11-20 13:14:17','0:0:0:0:0:0:0:1','/back/logout','com.visalie.back.controller.LoginController,logout','???????',1,NULL),(51,NULL,NULL,'2017-11-20 13:14:17','0:0:0:0:0:0:0:1','/back/logout','com.visalie.back.controller.LoginController,logout','???????',1,NULL),(52,NULL,NULL,'2017-11-20 13:14:17','0:0:0:0:0:0:0:1','/back/','com.visalie.back.controller.IndexController,index','??index??????????{}?',1,NULL),(53,NULL,NULL,'2017-11-20 13:14:17','0:0:0:0:0:0:0:1','/back/','com.visalie.back.controller.IndexController,index','??index??????????{}?',1,NULL),(54,NULL,NULL,'2017-11-20 13:14:18','0:0:0:0:0:0:0:1','/back/','com.visalie.back.controller.IndexController,index','??index??????????{}?',1,NULL),(55,NULL,NULL,'2017-11-20 13:14:18','0:0:0:0:0:0:0:1','/back/','com.visalie.back.controller.IndexController,index','??index??????????{}?',1,NULL),(56,NULL,NULL,'2017-11-20 14:24:55','127.0.0.1','/back/','com.visalie.back.controller.IndexController,index','??index??????????{}?',1,NULL),(57,NULL,NULL,'2017-11-20 14:24:55','127.0.0.1','/back/','com.visalie.back.controller.IndexController,index','??index??????????{}?',1,NULL),(58,NULL,NULL,'2017-11-20 14:25:00','0:0:0:0:0:0:0:1','/back/','com.visalie.back.controller.IndexController,index','??index??????????{}?',1,NULL),(59,NULL,NULL,'2017-11-20 14:25:00','0:0:0:0:0:0:0:1','/back/','com.visalie.back.controller.IndexController,index','??index??????????{}?',1,NULL),(60,NULL,NULL,'2017-11-20 14:25:14','0:0:0:0:0:0:0:1','/front/','com.visalie.back.controller.IndexController,index','??index??????????{}?',1,NULL),(61,NULL,NULL,'2017-11-20 14:25:14','0:0:0:0:0:0:0:1','/front/','com.visalie.back.controller.IndexController,index','??index??????????{}?',1,NULL),(62,NULL,NULL,'2017-11-20 14:25:17','0:0:0:0:0:0:0:1','/front/guest/login','com.visalie.back.controller.LoginController,login','?????????{}?',1,NULL),(63,'3','admin','2017-11-20 14:25:19','0:0:0:0:0:0:0:1','/front/guest/loginPost','com.visalie.back.controller.LoginController,loginPost','??????????????admin,admin?',1,NULL),(64,'3','admin','2017-11-20 14:25:19','0:0:0:0:0:0:0:1','/front/guest/loginPost','com.visalie.back.controller.LoginController,loginPost','??????????????admin,admin?',1,NULL),(65,'3','admin','2017-11-20 14:27:19','0:0:0:0:0:0:0:1','/front/manage/user/user','com.visalie.back.controller.UserController,userManager','?????????{}?',1,NULL),(66,'3','admin','2017-11-20 14:27:19','0:0:0:0:0:0:0:1','/front/manage/user/testPOJO','com.visalie.back.controller.UserController,testPOJO','?????????{}?',1,NULL),(67,NULL,NULL,'2017-11-20 14:51:32','127.0.0.1','/back/','com.visalie.back.controller.IndexController,index','??index??????????{}?',1,NULL),(68,NULL,NULL,'2017-11-20 14:51:32','127.0.0.1','/back/','com.visalie.back.controller.IndexController,index','??index??????????{}?',1,NULL),(69,NULL,NULL,'2017-11-20 14:51:34','0:0:0:0:0:0:0:1','/back/','com.visalie.back.controller.IndexController,index','??index??????????{}?',1,NULL),(70,NULL,NULL,'2017-11-20 14:51:34','0:0:0:0:0:0:0:1','/back/','com.visalie.back.controller.IndexController,index','??index??????????{}?',1,NULL),(71,NULL,NULL,'2017-11-20 14:51:45','0:0:0:0:0:0:0:1','/front/','com.visalie.back.controller.IndexController,index','??index??????????{}?',1,NULL),(72,NULL,NULL,'2017-11-20 14:51:45','0:0:0:0:0:0:0:1','/front/','com.visalie.back.controller.IndexController,index','??index??????????{}?',1,NULL),(73,NULL,NULL,'2017-11-20 14:51:49','0:0:0:0:0:0:0:1','/front/guest/login','com.visalie.back.controller.LoginController,login','?????????{}?',1,NULL),(74,NULL,NULL,'2017-11-20 14:51:52','0:0:0:0:0:0:0:1','/front/activeMQTest','com.visalie.back.controller.IndexController,activeMQTest','?????????{}?',1,NULL),(75,NULL,NULL,'2017-11-20 14:51:56','0:0:0:0:0:0:0:1','/front/activemq/queueSender','com.visalie.back.mq.controller.ActivemqController,queueSender','?????????asd?',1,NULL),(76,NULL,NULL,'2017-11-20 14:51:57','0:0:0:0:0:0:0:1','/front/activemq/topicSender','com.visalie.back.mq.controller.ActivemqController,topicSender','?????????asd?',1,NULL),(77,NULL,NULL,'2017-11-20 14:53:32','127.0.0.1','/back/','com.visalie.back.controller.IndexController,index','??index??????????{}?',1,NULL),(78,NULL,NULL,'2017-11-20 14:53:32','127.0.0.1','/back/','com.visalie.back.controller.IndexController,index','??index??????????{}?',1,NULL),(79,NULL,NULL,'2017-11-20 14:53:33','0:0:0:0:0:0:0:1','/back/','com.visalie.back.controller.IndexController,index','??index??????????{}?',1,NULL),(80,NULL,NULL,'2017-11-20 14:53:33','0:0:0:0:0:0:0:1','/back/','com.visalie.back.controller.IndexController,index','??index??????????{}?',1,NULL),(81,NULL,NULL,'2017-11-20 15:06:11','127.0.0.1','/back/','com.visalie.back.controller.IndexController,index','??index??????????{}?',1,NULL),(82,NULL,NULL,'2017-11-20 15:06:11','127.0.0.1','/back/','com.visalie.back.controller.IndexController,index','??index??????????{}?',1,NULL),(83,NULL,NULL,'2017-11-20 15:06:12','0:0:0:0:0:0:0:1','/back/','com.visalie.back.controller.IndexController,index','??index??????????{}?',1,NULL),(84,NULL,NULL,'2017-11-20 15:06:12','0:0:0:0:0:0:0:1','/back/','com.visalie.back.controller.IndexController,index','??index??????????{}?',1,NULL),(85,NULL,NULL,'2017-11-20 15:06:25','0:0:0:0:0:0:0:1','/front/','com.visalie.back.controller.IndexController,index','??index??????????{}?',1,NULL),(86,NULL,NULL,'2017-11-20 15:06:25','0:0:0:0:0:0:0:1','/front/','com.visalie.back.controller.IndexController,index','??index??????????{}?',1,NULL),(87,NULL,NULL,'2017-11-20 15:06:27','0:0:0:0:0:0:0:1','/front/activeMQTest','com.visalie.back.controller.IndexController,activeMQTest','?????????{}?',1,NULL),(88,NULL,NULL,'2017-11-20 15:06:29','0:0:0:0:0:0:0:1','/front/activemq/queueSender','com.visalie.back.mq.controller.ActivemqController,queueSender','?????????sdf?',1,NULL),(89,NULL,NULL,'2017-11-20 15:06:32','0:0:0:0:0:0:0:1','/front/','com.visalie.back.controller.IndexController,index','??index??????????{}?',1,NULL),(90,NULL,NULL,'2017-11-20 15:06:32','0:0:0:0:0:0:0:1','/front/','com.visalie.back.controller.IndexController,index','??index??????????{}?',1,NULL),(91,NULL,NULL,'2017-11-20 15:06:33','0:0:0:0:0:0:0:1','/front/guest/login','com.visalie.back.controller.LoginController,login','?????????{}?',1,NULL),(92,'3','admin','2017-11-20 15:06:36','0:0:0:0:0:0:0:1','/front/guest/loginPost','com.visalie.back.controller.LoginController,loginPost','??????????????admin,admin?',1,NULL),(93,'3','admin','2017-11-20 15:06:36','0:0:0:0:0:0:0:1','/front/guest/loginPost','com.visalie.back.controller.LoginController,loginPost','??????????????admin,admin?',1,NULL),(94,'3','admin','2017-11-20 15:06:38','0:0:0:0:0:0:0:1','/front/manage/user/user','com.visalie.back.controller.UserController,userManager','?????????{}?',1,NULL),(95,'3','admin','2017-11-20 15:06:39','0:0:0:0:0:0:0:1','/front/manage/user/testPOJO','com.visalie.back.controller.UserController,testPOJO','?????????{}?',1,NULL),(96,NULL,NULL,'2017-11-20 15:06:43','0:0:0:0:0:0:0:1','/front/logout','com.visalie.back.controller.LoginController,logout','???????',1,NULL),(97,NULL,NULL,'2017-11-20 15:06:43','0:0:0:0:0:0:0:1','/front/logout','com.visalie.back.controller.LoginController,logout','???????',1,NULL),(98,NULL,NULL,'2017-11-20 15:06:43','0:0:0:0:0:0:0:1','/front/','com.visalie.back.controller.IndexController,index','??index??????????{}?',1,NULL),(99,NULL,NULL,'2017-11-20 15:06:43','0:0:0:0:0:0:0:1','/front/','com.visalie.back.controller.IndexController,index','??index??????????{}?',1,NULL),(100,NULL,NULL,'2017-11-20 15:12:37','127.0.0.1','/','com.visalie.back.controller.IndexController,index','??index??????????{}?',1,NULL),(101,NULL,NULL,'2017-11-20 15:12:37','127.0.0.1','/','com.visalie.back.controller.IndexController,index','??index??????????{}?',1,NULL),(102,NULL,NULL,'2017-11-20 15:12:38','127.0.0.1','/','com.visalie.back.controller.IndexController,index','??index??????????{}?',1,NULL),(103,NULL,NULL,'2017-11-20 15:12:38','127.0.0.1','/','com.visalie.back.controller.IndexController,index','??index??????????{}?',1,NULL),(104,NULL,NULL,'2017-11-20 15:12:38','0:0:0:0:0:0:0:1','/','com.visalie.back.controller.IndexController,index','??index??????????{}?',1,NULL),(105,NULL,NULL,'2017-11-20 15:12:38','0:0:0:0:0:0:0:1','/','com.visalie.back.controller.IndexController,index','??index??????????{}?',1,NULL),(106,NULL,NULL,'2017-11-20 18:03:00','127.0.0.1','/front/','com.visalie.front.controller.IndexController,index','??index??????????{}?',1,NULL),(107,NULL,NULL,'2017-11-20 18:03:00','127.0.0.1','/front/','com.visalie.front.controller.IndexController,index','??index??????????{}?',1,NULL),(108,NULL,NULL,'2017-11-20 18:03:02','0:0:0:0:0:0:0:1','/front/','com.visalie.front.controller.IndexController,index','??index??????????{}?',1,NULL),(109,NULL,NULL,'2017-11-20 18:03:02','0:0:0:0:0:0:0:1','/front/','com.visalie.front.controller.IndexController,index','??index??????????{}?',1,NULL),(110,NULL,NULL,'2017-11-20 18:03:06','0:0:0:0:0:0:0:1','/front/','com.visalie.front.controller.IndexController,index','??index??????????{}?',1,NULL),(111,NULL,NULL,'2017-11-20 18:03:06','0:0:0:0:0:0:0:1','/front/','com.visalie.front.controller.IndexController,index','??index??????????{}?',1,NULL),(112,NULL,NULL,'2017-11-20 18:03:12','0:0:0:0:0:0:0:1','/front/activeMQTest','com.visalie.front.controller.IndexController,activeMQTest','?????????{}?',1,NULL),(113,NULL,NULL,'2017-11-20 18:04:50','0:0:0:0:0:0:0:1','/front/activeMQTest','com.visalie.front.controller.IndexController,activeMQTest','?????????{}?',1,NULL),(114,NULL,NULL,'2017-11-20 18:10:24','127.0.0.1','/front/','com.visalie.back.controller.IndexController,index','??index??????????{}?',1,NULL),(115,NULL,NULL,'2017-11-20 18:10:24','127.0.0.1','/front/','com.visalie.back.controller.IndexController,index','??index??????????{}?',1,NULL),(116,NULL,NULL,'2017-11-20 18:10:25','0:0:0:0:0:0:0:1','/front/','com.visalie.back.controller.IndexController,index','??index??????????{}?',1,NULL),(117,NULL,NULL,'2017-11-20 18:10:25','0:0:0:0:0:0:0:1','/front/','com.visalie.back.controller.IndexController,index','??index??????????{}?',1,NULL),(118,NULL,NULL,'2017-11-20 18:10:29','0:0:0:0:0:0:0:1','/front/guest/login','com.visalie.back.controller.LoginController,login','?????????{}?',1,NULL),(119,'3','admin','2017-11-20 18:10:31','0:0:0:0:0:0:0:1','/front/guest/loginPost','com.visalie.back.controller.LoginController,loginPost','??????????????admin,admin?',1,NULL),(120,'3','admin','2017-11-20 18:10:31','0:0:0:0:0:0:0:1','/front/guest/loginPost','com.visalie.back.controller.LoginController,loginPost','??????????????admin,admin?',1,NULL),(121,'3','admin','2017-11-20 18:10:33','0:0:0:0:0:0:0:1','/front/manage/user/user','com.visalie.back.controller.UserController,userManager','?????????{}?',1,NULL),(122,'3','admin','2017-11-20 18:10:34','0:0:0:0:0:0:0:1','/front/manage/user/testPOJO','com.visalie.back.controller.UserController,testPOJO','?????????{}?',1,NULL),(123,NULL,NULL,'2017-11-20 18:10:35','0:0:0:0:0:0:0:1','/front/logout','com.visalie.back.controller.LoginController,logout','???????',1,NULL),(124,NULL,NULL,'2017-11-20 18:10:35','0:0:0:0:0:0:0:1','/front/logout','com.visalie.back.controller.LoginController,logout','???????',1,NULL),(125,NULL,NULL,'2017-11-20 18:10:35','0:0:0:0:0:0:0:1','/front/','com.visalie.back.controller.IndexController,index','??index??????????{}?',1,NULL),(126,NULL,NULL,'2017-11-20 18:10:35','0:0:0:0:0:0:0:1','/front/','com.visalie.back.controller.IndexController,index','??index??????????{}?',1,NULL),(127,NULL,NULL,'2017-11-20 18:10:47','0:0:0:0:0:0:0:1','/back/','com.visalie.back.controller.IndexController,index','??index??????????{}?',1,NULL),(128,NULL,NULL,'2017-11-20 18:10:47','0:0:0:0:0:0:0:1','/back/','com.visalie.back.controller.IndexController,index','??index??????????{}?',1,NULL),(129,NULL,NULL,'2017-11-20 18:10:49','0:0:0:0:0:0:0:1','/back/','com.visalie.back.controller.IndexController,index','??index??????????{}?',1,NULL),(130,NULL,NULL,'2017-11-20 18:10:49','0:0:0:0:0:0:0:1','/back/','com.visalie.back.controller.IndexController,index','??index??????????{}?',1,NULL),(131,NULL,NULL,'2017-11-20 18:10:51','0:0:0:0:0:0:0:1','/back/guest/login','com.visalie.back.controller.LoginController,login','?????????{}?',1,NULL),(132,'3','admin','2017-11-20 18:10:53','0:0:0:0:0:0:0:1','/back/guest/loginPost','com.visalie.back.controller.LoginController,loginPost','??????????????admin,admin?',1,NULL),(133,'3','admin','2017-11-20 18:10:53','0:0:0:0:0:0:0:1','/back/guest/loginPost','com.visalie.back.controller.LoginController,loginPost','??????????????admin,admin?',1,NULL),(134,'3','admin','2017-11-20 18:10:55','0:0:0:0:0:0:0:1','/back/manage/user/user','com.visalie.back.controller.UserController,userManager','?????????{}?',1,NULL),(135,'3','admin','2017-11-20 18:10:55','0:0:0:0:0:0:0:1','/back/manage/user/testPOJO','com.visalie.back.controller.UserController,testPOJO','?????????{}?',1,NULL),(136,NULL,NULL,'2017-11-20 18:10:56','0:0:0:0:0:0:0:1','/back/logout','com.visalie.back.controller.LoginController,logout','???????',1,NULL),(137,NULL,NULL,'2017-11-20 18:10:56','0:0:0:0:0:0:0:1','/back/logout','com.visalie.back.controller.LoginController,logout','???????',1,NULL),(138,NULL,NULL,'2017-11-20 18:10:56','0:0:0:0:0:0:0:1','/back/','com.visalie.back.controller.IndexController,index','??index??????????{}?',1,NULL),(139,NULL,NULL,'2017-11-20 18:10:56','0:0:0:0:0:0:0:1','/back/','com.visalie.back.controller.IndexController,index','??index??????????{}?',1,NULL),(140,NULL,NULL,'2017-11-23 20:09:02','127.0.0.1','/front/','com.visalie.back.controller.IndexController,index','??index??????????{}?',1,NULL),(141,NULL,NULL,'2017-11-23 20:09:02','127.0.0.1','/front/','com.visalie.back.controller.IndexController,index','??index??????????{}?',1,NULL),(142,NULL,NULL,'2017-11-23 20:09:04','0:0:0:0:0:0:0:1','/front/','com.visalie.back.controller.IndexController,index','??index??????????{}?',1,NULL),(143,NULL,NULL,'2017-11-23 20:09:04','0:0:0:0:0:0:0:1','/front/','com.visalie.back.controller.IndexController,index','??index??????????{}?',1,NULL),(144,NULL,NULL,'2017-11-23 20:09:13','0:0:0:0:0:0:0:1','/front/guest/login','com.visalie.back.controller.LoginController,login','?????????{}?',1,NULL),(145,'3','admin','2017-11-23 20:09:17','0:0:0:0:0:0:0:1','/front/guest/loginPost','com.visalie.back.controller.LoginController,loginPost','??????????????admin,admin?',1,NULL),(146,'3','admin','2017-11-23 20:09:17','0:0:0:0:0:0:0:1','/front/guest/loginPost','com.visalie.back.controller.LoginController,loginPost','??????????????admin,admin?',1,NULL),(147,'3','admin','2017-11-23 20:09:18','0:0:0:0:0:0:0:1','/front/guest/loginPost','com.visalie.back.controller.LoginController,loginPost','??????????????admin,admin2?',1,NULL),(148,'3','admin','2017-11-23 20:09:18','0:0:0:0:0:0:0:1','/front/guest/loginPost','com.visalie.back.controller.LoginController,loginPost','??????????????admin,admin2?',1,NULL),(149,'3','admin','2017-11-23 20:09:19','0:0:0:0:0:0:0:1','/front/guest/loginPost','com.visalie.back.controller.LoginController,loginPost','??????????????admin,admin2?',1,NULL),(150,'3','admin','2017-11-23 20:09:19','0:0:0:0:0:0:0:1','/front/guest/loginPost','com.visalie.back.controller.LoginController,loginPost','??????????????admin,admin2?',1,NULL),(151,'3','admin','2017-11-23 20:09:20','0:0:0:0:0:0:0:1','/front/guest/loginPost','com.visalie.back.controller.LoginController,loginPost','??????????????admin,admin?',1,NULL),(152,'3','admin','2017-11-23 20:09:20','0:0:0:0:0:0:0:1','/front/guest/loginPost','com.visalie.back.controller.LoginController,loginPost','??????????????admin,admin?',1,NULL),(153,'3','admin','2017-11-23 20:09:21','0:0:0:0:0:0:0:1','/front/manage/user/user','com.visalie.back.controller.UserController,userManager','?????????{}?',1,NULL),(154,'3','admin','2017-11-23 20:09:22','0:0:0:0:0:0:0:1','/front/manage/user/testPOJO','com.visalie.back.controller.UserController,testPOJO','?????????{}?',1,NULL),(155,NULL,NULL,'2017-11-23 20:09:23','0:0:0:0:0:0:0:1','/front/logout','com.visalie.back.controller.LoginController,logout','???????',1,NULL),(156,NULL,NULL,'2017-11-23 20:09:23','0:0:0:0:0:0:0:1','/front/logout','com.visalie.back.controller.LoginController,logout','???????',1,NULL),(157,NULL,NULL,'2017-11-23 20:09:23','0:0:0:0:0:0:0:1','/front/','com.visalie.back.controller.IndexController,index','??index??????????{}?',1,NULL),(158,NULL,NULL,'2017-11-23 20:09:23','0:0:0:0:0:0:0:1','/front/','com.visalie.back.controller.IndexController,index','??index??????????{}?',1,NULL),(159,NULL,NULL,'2017-11-23 20:09:25','0:0:0:0:0:0:0:1','/front/guest/login','com.visalie.back.controller.LoginController,login','?????????{}?',1,NULL),(160,NULL,NULL,'2017-11-23 20:09:26','0:0:0:0:0:0:0:1','/front/guest/loginPost','com.visalie.back.controller.LoginController,loginPost','??????????????admin,admin2?',1,NULL),(161,NULL,NULL,'2017-11-23 20:09:26','0:0:0:0:0:0:0:1','/front/guest/loginPost','com.visalie.back.controller.LoginController,loginPost','??????????????admin,admin2?',1,NULL),(162,NULL,NULL,'2017-11-23 20:09:27','0:0:0:0:0:0:0:1','/front/guest/login','com.visalie.back.controller.LoginController,login','?????????{}?',1,NULL),(163,NULL,NULL,'2017-11-23 20:14:51','0:0:0:0:0:0:0:1','/front/guest/login','com.visalie.back.controller.LoginController,login','?????????{}?',1,NULL),(164,'3','admin','2017-11-23 20:14:56','0:0:0:0:0:0:0:1','/front/guest/loginPost','com.visalie.back.controller.LoginController,loginPost','??????????????admin,admin?',1,NULL),(165,'3','admin','2017-11-23 20:14:56','0:0:0:0:0:0:0:1','/front/guest/loginPost','com.visalie.back.controller.LoginController,loginPost','??????????????admin,admin?',1,NULL),(166,'3','admin','2017-11-23 20:15:31','0:0:0:0:0:0:0:1','/front/guest/login','com.visalie.back.controller.LoginController,login','?????????{}?',1,NULL),(167,'3','admin','2017-11-23 20:15:42','0:0:0:0:0:0:0:1','/front/guest/loginPost','com.visalie.back.controller.LoginController,loginPost','??????????????admin,admin?',1,NULL),(168,'3','admin','2017-11-23 20:15:42','0:0:0:0:0:0:0:1','/front/guest/loginPost','com.visalie.back.controller.LoginController,loginPost','??????????????admin,admin?',1,NULL),(169,NULL,NULL,'2017-11-23 20:42:46','127.0.0.1','/front/','com.visalie.back.controller.IndexController,index','??index??????????{}?',1,NULL),(170,NULL,NULL,'2017-11-23 20:42:46','127.0.0.1','/front/','com.visalie.back.controller.IndexController,index','??index??????????{}?',1,NULL),(171,NULL,NULL,'2017-11-23 20:42:47','0:0:0:0:0:0:0:1','/front/','com.visalie.back.controller.IndexController,index','??index??????????{}?',1,NULL),(172,NULL,NULL,'2017-11-23 20:42:47','0:0:0:0:0:0:0:1','/front/','com.visalie.back.controller.IndexController,index','??index??????????{}?',1,NULL),(173,NULL,NULL,'2017-11-23 20:42:52','0:0:0:0:0:0:0:1','/front/guest/login','com.visalie.back.controller.LoginController,login','?????????{}?',1,NULL),(174,NULL,NULL,'2017-11-23 20:43:20','0:0:0:0:0:0:0:1','/front/guest/login','com.visalie.back.controller.LoginController,login','?????????{}?',1,NULL),(175,'3','admin','2017-11-23 20:43:34','0:0:0:0:0:0:0:1','/front/guest/loginPost','com.visalie.back.controller.LoginController,loginPost','??????????????admin,admin?',1,NULL),(176,'3','admin','2017-11-23 20:43:34','0:0:0:0:0:0:0:1','/front/guest/loginPost','com.visalie.back.controller.LoginController,loginPost','??????????????admin,admin?',1,NULL),(177,'3','admin','2017-11-23 20:44:14','0:0:0:0:0:0:0:1','/front/manage/user/user','com.visalie.back.controller.UserController,userManager','?????????{}?',1,NULL),(178,'3','admin','2017-11-23 20:44:15','0:0:0:0:0:0:0:1','/front/manage/user/testPOJO','com.visalie.back.controller.UserController,testPOJO','?????????{}?',1,NULL),(179,NULL,NULL,'2017-11-23 20:44:21','0:0:0:0:0:0:0:1','/front/logout','com.visalie.back.controller.LoginController,logout','???????',1,NULL),(180,NULL,NULL,'2017-11-23 20:44:21','0:0:0:0:0:0:0:1','/front/logout','com.visalie.back.controller.LoginController,logout','???????',1,NULL),(181,NULL,NULL,'2017-11-23 20:44:21','0:0:0:0:0:0:0:1','/front/','com.visalie.back.controller.IndexController,index','??index??????????{}?',1,NULL),(182,NULL,NULL,'2017-11-23 20:44:21','0:0:0:0:0:0:0:1','/front/','com.visalie.back.controller.IndexController,index','??index??????????{}?',1,NULL),(183,NULL,NULL,'2017-11-23 20:47:27','0:0:0:0:0:0:0:1','/front/','com.visalie.back.controller.IndexController,index','??index??????????{}?',1,NULL),(184,NULL,NULL,'2017-11-23 20:47:27','0:0:0:0:0:0:0:1','/front/','com.visalie.back.controller.IndexController,index','??index??????????{}?',1,NULL),(185,NULL,NULL,'2017-11-23 20:47:35','0:0:0:0:0:0:0:1','/front/guest/login','com.visalie.back.controller.LoginController,login','?????????{}?',1,NULL),(186,'3','admin','2017-11-23 20:47:43','0:0:0:0:0:0:0:1','/front/guest/loginPost','com.visalie.back.controller.LoginController,loginPost','??????????????admin,admin?',1,NULL),(187,'3','admin','2017-11-23 20:47:43','0:0:0:0:0:0:0:1','/front/guest/loginPost','com.visalie.back.controller.LoginController,loginPost','??????????????admin,admin?',1,NULL),(188,'3','admin','2017-11-23 20:51:56','0:0:0:0:0:0:0:1','/front/manage/user/user','com.visalie.back.controller.UserController,userManager','?????????{}?',1,NULL),(189,'3','admin','2017-11-23 20:51:57','0:0:0:0:0:0:0:1','/front/manage/user/testPOJO','com.visalie.back.controller.UserController,testPOJO','?????????{}?',1,NULL),(190,NULL,NULL,'2017-11-23 20:52:14','0:0:0:0:0:0:0:1','/front/logout','com.visalie.back.controller.LoginController,logout','???????',1,NULL),(191,NULL,NULL,'2017-11-23 20:52:14','0:0:0:0:0:0:0:1','/front/logout','com.visalie.back.controller.LoginController,logout','???????',1,NULL),(192,NULL,NULL,'2017-11-23 20:52:14','0:0:0:0:0:0:0:1','/front/','com.visalie.back.controller.IndexController,index','??index??????????{}?',1,NULL),(193,NULL,NULL,'2017-11-23 20:52:14','0:0:0:0:0:0:0:1','/front/','com.visalie.back.controller.IndexController,index','??index??????????{}?',1,NULL),(194,NULL,NULL,'2017-11-23 20:52:16','0:0:0:0:0:0:0:1','/front/guest/login','com.visalie.back.controller.LoginController,login','?????????{}?',1,NULL),(195,'3','admin','2017-11-23 20:52:20','0:0:0:0:0:0:0:1','/front/guest/loginPost','com.visalie.back.controller.LoginController,loginPost','??????????????admin,admin?',1,NULL),(196,'3','admin','2017-11-23 20:52:20','0:0:0:0:0:0:0:1','/front/guest/loginPost','com.visalie.back.controller.LoginController,loginPost','??????????????admin,admin?',1,NULL),(197,'3','admin','2017-11-23 20:53:49','0:0:0:0:0:0:0:1','/front/guest/login','com.visalie.back.controller.LoginController,login','?????????{}?',1,NULL),(198,'3','admin','2017-11-23 20:53:54','0:0:0:0:0:0:0:1','/front/guest/loginPost','com.visalie.back.controller.LoginController,loginPost','??????????????admin,admin?',1,NULL),(199,'3','admin','2017-11-23 20:53:54','0:0:0:0:0:0:0:1','/front/guest/loginPost','com.visalie.back.controller.LoginController,loginPost','??????????????admin,admin?',1,NULL),(200,'3','admin','2017-11-23 20:54:30','0:0:0:0:0:0:0:1','/front/manage/user/user','com.visalie.back.controller.UserController,userManager','?????????{}?',1,NULL),(201,'3','admin','2017-11-23 20:54:30','0:0:0:0:0:0:0:1','/front/manage/user/testPOJO','com.visalie.back.controller.UserController,testPOJO','?????????{}?',1,NULL),(202,NULL,NULL,'2017-11-23 20:57:45','0:0:0:0:0:0:0:1','/front/logout','com.visalie.back.controller.LoginController,logout','???????',1,NULL),(203,NULL,NULL,'2017-11-23 20:57:45','0:0:0:0:0:0:0:1','/front/logout','com.visalie.back.controller.LoginController,logout','???????',1,NULL),(204,NULL,NULL,'2017-11-23 20:57:45','0:0:0:0:0:0:0:1','/front/','com.visalie.back.controller.IndexController,index','??index??????????{}?',1,NULL),(205,NULL,NULL,'2017-11-23 20:57:45','0:0:0:0:0:0:0:1','/front/','com.visalie.back.controller.IndexController,index','??index??????????{}?',1,NULL),(206,NULL,NULL,'2017-11-23 20:57:49','0:0:0:0:0:0:0:1','/front/activeMQTest','com.visalie.back.controller.IndexController,activeMQTest','?????????{}?',1,NULL),(207,NULL,NULL,'2017-11-24 17:50:32','127.0.0.1','/front/','com.visalie.front.controller.IndexController,index','??index??????????{}?',1,NULL),(208,NULL,NULL,'2017-11-24 17:50:32','127.0.0.1','/front/','com.visalie.front.controller.IndexController,index','??index??????????{}?',1,NULL),(209,NULL,NULL,'2017-11-24 17:50:34','0:0:0:0:0:0:0:1','/front/','com.visalie.front.controller.IndexController,index','??index??????????{}?',1,NULL),(210,NULL,NULL,'2017-11-24 17:50:34','0:0:0:0:0:0:0:1','/front/','com.visalie.front.controller.IndexController,index','??index??????????{}?',1,NULL),(211,NULL,NULL,'2017-12-05 20:19:46','127.0.0.1','/','com.ssm.controller.IndexController,index','??index??????????{}?',1,NULL),(212,NULL,NULL,'2017-12-05 20:19:46','127.0.0.1','/','com.ssm.controller.IndexController,index','??index??????????{}?',1,NULL),(213,NULL,NULL,'2017-12-05 20:19:47','127.0.0.1','/','com.ssm.controller.IndexController,index','??index??????????{}?',1,NULL),(214,NULL,NULL,'2017-12-05 20:19:47','127.0.0.1','/','com.ssm.controller.IndexController,index','??index??????????{}?',1,NULL),(215,NULL,NULL,'2017-12-05 20:19:48','0:0:0:0:0:0:0:1','/','com.ssm.controller.IndexController,index','??index??????????{}?',1,NULL),(216,NULL,NULL,'2017-12-05 20:19:48','0:0:0:0:0:0:0:1','/','com.ssm.controller.IndexController,index','??index??????????{}?',1,NULL),(217,NULL,NULL,'2017-12-05 20:19:50','0:0:0:0:0:0:0:1','/guest/login','com.ssm.controller.LoginController,login','?????????{}?',1,NULL),(218,'3','admin','2017-12-05 20:19:53','0:0:0:0:0:0:0:1','/guest/loginPost','com.ssm.controller.LoginController,loginPost','??????????????admin,admin?',1,NULL),(219,'3','admin','2017-12-05 20:19:53','0:0:0:0:0:0:0:1','/guest/loginPost','com.ssm.controller.LoginController,loginPost','??????????????admin,admin?',1,NULL),(220,'3','admin','2017-12-05 20:19:54','0:0:0:0:0:0:0:1','/guest/loginPost','com.ssm.controller.LoginController,loginPost','??????????????admin,admin2?',1,NULL),(221,'3','admin','2017-12-05 20:19:54','0:0:0:0:0:0:0:1','/guest/loginPost','com.ssm.controller.LoginController,loginPost','??????????????admin,admin2?',1,NULL),(222,'3','admin','2017-12-05 20:19:56','0:0:0:0:0:0:0:1','/manage/user/user','com.ssm.controller.UserController,userManager','?????????{}?',1,NULL),(223,NULL,NULL,'2017-12-05 20:49:12','127.0.0.1','/','com.eutwStudio.controller.IndexController,index','??index??????????{}?',1,NULL),(224,NULL,NULL,'2017-12-05 20:49:12','127.0.0.1','/','com.eutwStudio.controller.IndexController,index','??index??????????{}?',1,NULL),(225,NULL,NULL,'2017-12-05 20:49:14','127.0.0.1','/','com.eutwStudio.controller.IndexController,index','??index??????????{}?',1,NULL),(226,NULL,NULL,'2017-12-05 20:49:14','127.0.0.1','/','com.eutwStudio.controller.IndexController,index','??index??????????{}?',1,NULL),(227,NULL,NULL,'2017-12-05 20:49:14','0:0:0:0:0:0:0:1','/','com.eutwStudio.controller.IndexController,index','??index??????????{}?',1,NULL),(228,NULL,NULL,'2017-12-05 20:49:14','0:0:0:0:0:0:0:1','/','com.eutwStudio.controller.IndexController,index','??index??????????{}?',1,NULL),(229,NULL,NULL,'2017-12-05 20:49:19','0:0:0:0:0:0:0:1','/guest/login','com.eutwStudio.controller.LoginController,login','?????????{}?',1,NULL),(230,'3','admin','2017-12-05 20:49:21','0:0:0:0:0:0:0:1','/guest/loginPost','com.eutwStudio.controller.LoginController,loginPost','??????????????admin,admin?',1,NULL),(231,'3','admin','2017-12-05 20:49:21','0:0:0:0:0:0:0:1','/guest/loginPost','com.eutwStudio.controller.LoginController,loginPost','??????????????admin,admin?',1,NULL),(232,'3','admin','2017-12-05 20:49:23','0:0:0:0:0:0:0:1','/manage/user/user','com.eutwStudio.controller.UserController,userManager','?????????{}?',1,NULL),(233,NULL,NULL,'2017-12-05 21:04:21','0:0:0:0:0:0:0:1','/','com.eutwStudio.controller.IndexController,index','??index??????????{}?',1,NULL),(234,NULL,NULL,'2017-12-05 21:04:21','0:0:0:0:0:0:0:1','/','com.eutwStudio.controller.IndexController,index','??index??????????{}?',1,NULL),(235,NULL,NULL,'2017-12-05 21:04:24','0:0:0:0:0:0:0:1','/guest/login','com.eutwStudio.controller.LoginController,login','?????????{}?',1,NULL),(236,'3','admin','2017-12-05 21:04:26','0:0:0:0:0:0:0:1','/guest/loginPost','com.eutwStudio.controller.LoginController,loginPost','??????????????admin,admin?',1,NULL),(237,'3','admin','2017-12-05 21:04:26','0:0:0:0:0:0:0:1','/guest/loginPost','com.eutwStudio.controller.LoginController,loginPost','??????????????admin,admin?',1,NULL),(238,'3','admin','2017-12-05 21:04:29','0:0:0:0:0:0:0:1','/manage/user/user','com.eutwStudio.controller.UserController,userManager','?????????{}?',1,NULL),(239,NULL,NULL,'2017-12-07 11:09:33','127.0.0.1','/','com.ssm.controller.IndexController,index','??index??????????{}?',1,NULL),(240,NULL,NULL,'2017-12-07 11:09:33','127.0.0.1','/','com.ssm.controller.IndexController,index','??index??????????{}?',1,NULL),(241,NULL,NULL,'2017-12-07 11:09:35','127.0.0.1','/','com.ssm.controller.IndexController,index','??index??????????{}?',1,NULL),(242,NULL,NULL,'2017-12-07 11:09:35','127.0.0.1','/','com.ssm.controller.IndexController,index','??index??????????{}?',1,NULL),(243,NULL,NULL,'2017-12-07 11:09:35','0:0:0:0:0:0:0:1','/','com.ssm.controller.IndexController,index','??index??????????{}?',1,NULL),(244,NULL,NULL,'2017-12-07 11:09:35','0:0:0:0:0:0:0:1','/','com.ssm.controller.IndexController,index','??index??????????{}?',1,NULL),(245,NULL,NULL,'2017-12-07 11:09:40','0:0:0:0:0:0:0:1','/guest/login','com.ssm.controller.LoginController,login','?????????{}?',1,NULL),(246,NULL,NULL,'2017-12-07 11:09:42','0:0:0:0:0:0:0:1','/guest/loginPost','com.ssm.controller.LoginController,loginPost','??????????????admin,admin?',1,NULL),(247,NULL,NULL,'2017-12-07 11:09:42','0:0:0:0:0:0:0:1','/guest/loginPost','com.ssm.controller.LoginController,loginPost','??????????????admin,admin?',1,NULL),(248,NULL,NULL,'2017-12-07 11:09:45','0:0:0:0:0:0:0:1','/guest/login','com.ssm.controller.LoginController,login','?????????{}?',1,NULL),(249,NULL,NULL,'2017-12-07 11:09:47','0:0:0:0:0:0:0:1','/guest/login','com.ssm.controller.LoginController,login','?????????{}?',1,NULL),(250,NULL,NULL,'2017-12-07 11:15:55','127.0.0.1','/','com.eutwStudio.controller.IndexController,index','??index??????????{}?',1,NULL),(251,NULL,NULL,'2017-12-07 11:15:55','127.0.0.1','/','com.eutwStudio.controller.IndexController,index','??index??????????{}?',1,NULL),(252,NULL,NULL,'2017-12-07 11:15:56','127.0.0.1','/','com.eutwStudio.controller.IndexController,index','??index??????????{}?',1,NULL),(253,NULL,NULL,'2017-12-07 11:15:56','127.0.0.1','/','com.eutwStudio.controller.IndexController,index','??index??????????{}?',1,NULL),(254,NULL,NULL,'2017-12-07 11:15:57','0:0:0:0:0:0:0:1','/','com.eutwStudio.controller.IndexController,index','??index??????????{}?',1,NULL),(255,NULL,NULL,'2017-12-07 11:15:57','0:0:0:0:0:0:0:1','/','com.eutwStudio.controller.IndexController,index','??index??????????{}?',1,NULL),(256,NULL,NULL,'2017-12-07 11:16:06','0:0:0:0:0:0:0:1','/','com.eutwStudio.controller.IndexController,index','??index??????????{}?',1,NULL),(257,NULL,NULL,'2017-12-07 11:16:06','0:0:0:0:0:0:0:1','/','com.eutwStudio.controller.IndexController,index','??index??????????{}?',1,NULL),(258,NULL,NULL,'2017-12-07 11:17:37','127.0.0.1','/','com.eutwStudio.controller.IndexController,index','??index??????????{}?',1,NULL),(259,NULL,NULL,'2017-12-07 11:17:37','127.0.0.1','/','com.eutwStudio.controller.IndexController,index','??index??????????{}?',1,NULL),(260,NULL,NULL,'2017-12-07 11:17:38','127.0.0.1','/','com.eutwStudio.controller.IndexController,index','??index??????????{}?',1,NULL),(261,NULL,NULL,'2017-12-07 11:17:38','127.0.0.1','/','com.eutwStudio.controller.IndexController,index','??index??????????{}?',1,NULL),(262,NULL,NULL,'2017-12-07 11:17:39','0:0:0:0:0:0:0:1','/','com.eutwStudio.controller.IndexController,index','??index??????????{}?',1,NULL),(263,NULL,NULL,'2017-12-07 11:17:39','0:0:0:0:0:0:0:1','/','com.eutwStudio.controller.IndexController,index','??index??????????{}?',1,NULL),(264,NULL,NULL,'2017-12-07 11:17:40','0:0:0:0:0:0:0:1','//main','com.eutwStudio.controller.LoginController,main','',1,NULL),(265,NULL,NULL,'2017-12-07 11:18:12','0:0:0:0:0:0:0:1','/','com.eutwStudio.controller.IndexController,index','??index??????????{}?',1,NULL),(266,NULL,NULL,'2017-12-07 11:18:12','0:0:0:0:0:0:0:1','/','com.eutwStudio.controller.IndexController,index','??index??????????{}?',1,NULL),(267,NULL,NULL,'2017-12-07 11:18:13','0:0:0:0:0:0:0:1','//main','com.eutwStudio.controller.LoginController,main','',1,NULL),(268,NULL,NULL,'2017-12-07 11:18:14','0:0:0:0:0:0:0:1','//getMenus','com.eutwStudio.controller.LoginController,getMenus','',1,NULL),(269,NULL,NULL,'2017-12-07 11:23:04','0:0:0:0:0:0:0:1','/','com.eutwStudio.controller.IndexController,index','??index??????????{}?',1,NULL),(270,NULL,NULL,'2017-12-07 11:23:04','0:0:0:0:0:0:0:1','/','com.eutwStudio.controller.IndexController,index','??index??????????{}?',1,NULL),(271,NULL,NULL,'2017-12-07 11:23:04','0:0:0:0:0:0:0:1','//main','com.eutwStudio.controller.LoginController,main','',1,NULL),(272,NULL,NULL,'2017-12-07 11:23:05','0:0:0:0:0:0:0:1','//getMenus','com.eutwStudio.controller.LoginController,getMenus','',1,NULL),(273,NULL,NULL,'2017-12-07 11:25:09','0:0:0:0:0:0:0:1','/','com.eutwStudio.controller.IndexController,index','??index??????????{}?',1,NULL),(274,NULL,NULL,'2017-12-07 11:25:09','0:0:0:0:0:0:0:1','/','com.eutwStudio.controller.IndexController,index','??index??????????{}?',1,NULL),(275,NULL,NULL,'2017-12-07 11:25:09','0:0:0:0:0:0:0:1','//main','com.eutwStudio.controller.LoginController,main','',1,NULL),(276,NULL,NULL,'2017-12-07 11:25:40','0:0:0:0:0:0:0:1','//getMenus','com.eutwStudio.controller.LoginController,getMenus','',1,NULL),(277,NULL,NULL,'2017-12-07 11:27:24','0:0:0:0:0:0:0:1','/','com.eutwStudio.controller.IndexController,index','??index??????????{}?',1,NULL),(278,NULL,NULL,'2017-12-07 11:27:24','0:0:0:0:0:0:0:1','/','com.eutwStudio.controller.IndexController,index','??index??????????{}?',1,NULL),(279,NULL,NULL,'2017-12-07 11:27:24','0:0:0:0:0:0:0:1','//main','com.eutwStudio.controller.LoginController,main','',1,NULL),(280,NULL,NULL,'2017-12-07 11:27:26','0:0:0:0:0:0:0:1','//getMenus','com.eutwStudio.controller.LoginController,getMenus','',1,NULL),(281,NULL,NULL,'2017-12-07 11:29:44','127.0.0.1','/','com.eutwStudio.controller.IndexController,index','??index??????????{}?',1,NULL),(282,NULL,NULL,'2017-12-07 11:29:44','127.0.0.1','/','com.eutwStudio.controller.IndexController,index','??index??????????{}?',1,NULL),(283,NULL,NULL,'2017-12-07 11:29:45','127.0.0.1','/','com.eutwStudio.controller.IndexController,index','??index??????????{}?',1,NULL),(284,NULL,NULL,'2017-12-07 11:29:45','127.0.0.1','/','com.eutwStudio.controller.IndexController,index','??index??????????{}?',1,NULL),(285,NULL,NULL,'2017-12-07 11:29:46','0:0:0:0:0:0:0:1','/','com.eutwStudio.controller.IndexController,index','??index??????????{}?',1,NULL),(286,NULL,NULL,'2017-12-07 11:29:46','0:0:0:0:0:0:0:1','/','com.eutwStudio.controller.IndexController,index','??index??????????{}?',1,NULL),(287,NULL,NULL,'2017-12-07 11:30:30','0:0:0:0:0:0:0:1','/','com.eutwStudio.controller.IndexController,index','??index??????????{}?',1,NULL),(288,NULL,NULL,'2017-12-07 11:30:30','0:0:0:0:0:0:0:1','/','com.eutwStudio.controller.IndexController,index','??index??????????{}?',1,NULL),(289,NULL,NULL,'2017-12-07 11:30:31','0:0:0:0:0:0:0:1','/','com.eutwStudio.controller.IndexController,index','??index??????????{}?',1,NULL),(290,NULL,NULL,'2017-12-07 11:30:31','0:0:0:0:0:0:0:1','/','com.eutwStudio.controller.IndexController,index','??index??????????{}?',1,NULL),(291,NULL,NULL,'2017-12-07 11:36:57','0:0:0:0:0:0:0:1','/','com.eutwStudio.controller.IndexController,index','??index??????????{}?',1,NULL),(292,NULL,NULL,'2017-12-07 11:36:57','0:0:0:0:0:0:0:1','/','com.eutwStudio.controller.IndexController,index','??index??????????{}?',1,NULL),(293,NULL,NULL,'2017-12-07 11:40:22','0:0:0:0:0:0:0:1','/','com.eutwStudio.controller.IndexController,index','??index??????????{}?',1,NULL),(294,NULL,NULL,'2017-12-07 11:40:22','0:0:0:0:0:0:0:1','/','com.eutwStudio.controller.IndexController,index','??index??????????{}?',1,NULL),(295,NULL,NULL,'2017-12-07 11:41:14','0:0:0:0:0:0:0:1','/','com.eutwStudio.controller.IndexController,index','??index??????????{}?',1,NULL),(296,NULL,NULL,'2017-12-07 11:41:14','0:0:0:0:0:0:0:1','/','com.eutwStudio.controller.IndexController,index','??index??????????{}?',1,NULL),(297,NULL,NULL,'2017-12-07 11:41:15','0:0:0:0:0:0:0:1','/','com.eutwStudio.controller.IndexController,index','??index??????????{}?',1,NULL),(298,NULL,NULL,'2017-12-07 11:41:16','0:0:0:0:0:0:0:1','/','com.eutwStudio.controller.IndexController,index','??index??????????{}?',1,NULL),(299,NULL,NULL,'2017-12-07 11:50:34','127.0.0.1','/toLogin;jsessionid=702D602F20E61DB29E0D58E398C28C5A','com.eutwStudio.controller.LoginController,toLogin','',1,NULL),(300,NULL,NULL,'2017-12-07 11:50:36','127.0.0.1','/toLogin;jsessionid=C5EA7C287906E397882CBE607015B836','com.eutwStudio.controller.LoginController,toLogin','',1,NULL),(301,NULL,NULL,'2017-12-07 11:50:37','0:0:0:0:0:0:0:1','/toLogin','com.eutwStudio.controller.LoginController,toLogin','',1,NULL),(302,NULL,NULL,'2017-12-07 12:05:48','127.0.0.1','/toLogin;jsessionid=6004AE580C7FD9345F9A25A5E85A1A44','com.eutwStudio.controller.LoginController,toLogin','',1,NULL),(303,NULL,NULL,'2017-12-07 12:05:50','127.0.0.1','/toLogin;jsessionid=573BC72BC22BA960D022A39EEB004029','com.eutwStudio.controller.LoginController,toLogin','',1,NULL),(304,NULL,NULL,'2017-12-07 12:05:51','0:0:0:0:0:0:0:1','/toLogin','com.eutwStudio.controller.LoginController,toLogin','',1,NULL),(305,NULL,NULL,'2017-12-07 12:05:57',NULL,'//index','com.eutwStudio.controller.LoginController,index','',1,NULL),(306,NULL,NULL,'2017-12-07 12:05:58',NULL,'//main','com.eutwStudio.controller.LoginController,main','',1,NULL),(307,NULL,NULL,'2017-12-07 12:05:58',NULL,'//getMenus','com.eutwStudio.controller.LoginController,getMenus','',1,NULL),(308,NULL,NULL,'2017-12-07 12:06:03',NULL,'//moduleOne','com.eutwStudio.controller.infoManage.ModuleOneController,index','',1,NULL),(309,NULL,NULL,'2017-12-07 12:06:16',NULL,'//userRole','com.eutwStudio.controller.systemManage.RoleController,index','',1,NULL),(310,NULL,NULL,'2017-12-07 12:06:17',NULL,'/userRole/list','com.eutwStudio.controller.systemManage.RoleController,getList','?????????com.eutwStudio.utils.PageUtil@5b39171a?',1,NULL),(311,NULL,NULL,'2017-12-07 12:06:20',NULL,'//roleDistribute','com.eutwStudio.controller.systemManage.RoleDistributeController,index','',1,NULL),(312,NULL,NULL,'2017-12-07 12:06:21',NULL,'//roleDistribute/list','com.eutwStudio.controller.systemManage.RoleDistributeController,list','?????????com.eutwStudio.utils.PageUtil@679a2eee,?',1,NULL),(313,NULL,NULL,'2017-12-08 09:49:16','127.0.0.1','/toLogin;jsessionid=E262A119533327F9A0B1EB789F5C3E59','com.eutwStudio.controller.LoginController,toLogin','',1,NULL),(314,NULL,NULL,'2017-12-08 09:49:17','127.0.0.1','/toLogin;jsessionid=06E46608A0DAF2E0D8F32B4DF0C0F7C0','com.eutwStudio.controller.LoginController,toLogin','',1,NULL),(315,NULL,NULL,'2017-12-08 09:49:18','0:0:0:0:0:0:0:1','/toLogin;jsessionid=E74883BF7C4F5195354E2D87252CE6AA','com.eutwStudio.controller.LoginController,toLogin','',1,NULL),(316,NULL,NULL,'2017-12-08 09:49:20','0:0:0:0:0:0:0:1','/toLogin','com.eutwStudio.controller.LoginController,toLogin','',1,NULL),(317,NULL,NULL,'2017-12-08 09:49:22',NULL,'//index','com.eutwStudio.controller.LoginController,index','',1,NULL),(318,NULL,NULL,'2017-12-08 09:49:23',NULL,'//main','com.eutwStudio.controller.LoginController,main','',1,NULL),(319,NULL,NULL,'2017-12-08 09:49:25',NULL,'//getMenus','com.eutwStudio.controller.LoginController,getMenus','',1,NULL),(320,NULL,NULL,'2017-12-08 09:49:33',NULL,'//roleDistribute','com.eutwStudio.controller.systemManage.RoleDistributeController,index','',1,NULL),(321,NULL,NULL,'2017-12-08 09:49:34',NULL,'//roleDistribute/list','com.eutwStudio.controller.systemManage.RoleDistributeController,list','?????????com.eutwStudio.utils.PageUtil@27c5b04c,?',1,NULL),(322,NULL,NULL,'2017-12-08 09:49:37',NULL,'//roleDistribute/list','com.eutwStudio.controller.systemManage.RoleDistributeController,list','?????????com.eutwStudio.utils.PageUtil@37650a86,?',1,NULL),(323,NULL,NULL,'2017-12-08 09:49:40',NULL,'//menu','com.eutwStudio.controller.systemManage.MenuController,index','',1,NULL),(324,NULL,NULL,'2017-12-08 09:49:40',NULL,'/menu/list','com.eutwStudio.controller.systemManage.MenuController,list','',1,NULL),(325,NULL,NULL,'2017-12-08 09:49:46',NULL,'//menu/secondMenus','com.eutwStudio.controller.systemManage.MenuController,secondMenus','?????????2?',1,NULL),(326,NULL,NULL,'2017-12-08 09:49:59',NULL,'//userRole','com.eutwStudio.controller.systemManage.RoleController,index','',1,NULL),(327,NULL,NULL,'2017-12-08 09:49:59',NULL,'/userRole/list','com.eutwStudio.controller.systemManage.RoleController,getList','?????????com.eutwStudio.utils.PageUtil@4c70aeff?',1,NULL),(328,NULL,NULL,'2017-12-08 09:50:14',NULL,'//index','com.eutwStudio.controller.LoginController,index','',1,NULL),(329,NULL,NULL,'2017-12-08 09:50:15',NULL,'//main','com.eutwStudio.controller.LoginController,main','',1,NULL),(330,NULL,NULL,'2017-12-08 09:50:15',NULL,'//getMenus','com.eutwStudio.controller.LoginController,getMenus','',1,NULL),(331,NULL,NULL,'2017-12-11 13:25:51','127.0.0.1','/toLogin;jsessionid=6D78EB8AAC7B65AE1CB872550C1E2833','com.eutwStudio.controller.LoginController,toLogin','',1,NULL),(332,NULL,NULL,'2017-12-11 13:25:53','127.0.0.1','/toLogin;jsessionid=1EC1077190376BB41750020D12D48D24','com.eutwStudio.controller.LoginController,toLogin','',1,NULL),(333,NULL,NULL,'2017-12-11 13:25:54','0:0:0:0:0:0:0:1','/toLogin;jsessionid=32068C60038F622B1D35B6BBF262E66C','com.eutwStudio.controller.LoginController,toLogin','',1,NULL),(334,NULL,NULL,'2017-12-11 13:25:56','0:0:0:0:0:0:0:1','/toLogin','com.eutwStudio.controller.LoginController,toLogin','',1,NULL),(335,NULL,NULL,'2017-12-11 13:27:01',NULL,'//index','com.eutwStudio.controller.LoginController,index','',1,NULL),(336,NULL,NULL,'2017-12-11 13:27:02',NULL,'//main','com.eutwStudio.controller.LoginController,main','',1,NULL),(337,NULL,NULL,'2017-12-11 13:27:03',NULL,'//getMenus','com.eutwStudio.controller.LoginController,getMenus','',1,NULL),(338,NULL,NULL,'2017-12-11 13:27:11',NULL,'//moduleOne','com.eutwStudio.controller.infoManage.ModuleOneController,index','',1,NULL);
/*!40000 ALTER TABLE `t_log` ENABLE KEYS */;
UNLOCK TABLES;

--
-- Table structure for table `t_permission`
--

DROP TABLE IF EXISTS `t_permission`;
/*!40101 SET @saved_cs_client     = @@character_set_client */;
/*!40101 SET character_set_client = utf8 */;
CREATE TABLE `t_permission` (
  `id` bigint(20) NOT NULL AUTO_INCREMENT COMMENT '主键',
  `name` varchar(128) NOT NULL COMMENT '资源名称',
  `menu_sort` int(11) DEFAULT NULL,
  `type` varchar(32) NOT NULL COMMENT '资源类型：menu,button,',
  `url` varchar(128) DEFAULT NULL COMMENT '访问url地址',
  `icon` varchar(128) DEFAULT NULL COMMENT '资源icon',
  `parentid` bigint(20) DEFAULT NULL COMMENT '父结点id',
  `parentids` varchar(128) DEFAULT NULL COMMENT '父结点id列表串',
  `sortstring` varchar(128) DEFAULT NULL COMMENT '排序号',
  `available` varchar(10) DEFAULT NULL COMMENT '是否可用,1：可用，0不可用',
  `percode` varchar(100) DEFAULT NULL,
  PRIMARY KEY (`id`)
) ENGINE=InnoDB AUTO_INCREMENT=24 DEFAULT CHARSET=utf8;
/*!40101 SET character_set_client = @saved_cs_client */;

--
-- Dumping data for table `t_permission`
--

LOCK TABLES `t_permission` WRITE;
/*!40000 ALTER TABLE `t_permission` DISABLE KEYS */;
INSERT INTO `t_permission` VALUES (1,'权限',NULL,' ','',NULL,0,'0/',NULL,'1',NULL),(2,'系统管理',3,'menu','/systemManage','larry-xitongshezhi1',1,'0/1/','1','1','permissionManage:'),(3,'模块一',1,'menu','/infoManage','larry-lanmuguanli1',1,'0/1/','1','1','infoManage:'),(4,'模块二',2,'menu','/report','larry-lanmuguanli1',1,'0/1/','1','1','port:'),(5,'菜单权限管理',3,'menu','/menu','larry-neirong',2,'0/1/2/','2','1',''),(6,'角色权限分配',1,'menu','/userRole','larry-yonghuliebiao',2,'0/1/2/','2','1','rolePermission:'),(7,'发布公告',4,'menu','/notice','larry-neirongguanli',2,'0/1/2/','2','1',''),(8,'添加',NULL,'permission','','',6,'0/1/2/6/','3','1','rolePermission:add'),(9,'修改',NULL,'permission','','',6,'0/1/2/6/','3','1','rolePermission:update'),(11,'用户角色分配',2,'menu','/roleDistribute','larry-quanxianguanli',2,'0/1/2/','2','1','userRole:'),(12,'状态设置',NULL,'permission',NULL,NULL,6,'0/1/2/6/','3','1','rolePermission:available'),(13,'模块二内容',2,'menu','/moduleThree','larry-neirongguanli',4,'0/1/4/','2','1','moduleThree:'),(14,'角色修改',NULL,'permission',NULL,NULL,11,'0/1/2/11/','3','1','userRole:update'),(15,'删除',NULL,'permission',NULL,NULL,7,'0/1/2/7/','3','1','notice:delete'),(16,'添加',NULL,'permission',NULL,NULL,17,'0/1/3/17/','3','1','moduleOne:add'),(17,'模块一内容',2,'menu','/moduleOne','larry-gereninfo',3,'0/1/3/','2','1','moduleOne:'),(18,'删除',NULL,'permission',NULL,NULL,17,'0/1/3/17/','3','1','moduleOne:delete'),(19,'修改',NULL,'permission',NULL,NULL,17,'0/1/3/17/','3','1','moduleOne:update'),(20,'删除',NULL,'permission',NULL,NULL,6,'0/1/2/6/','3','1','rolePermission:delete'),(23,'权限配置',NULL,'permission',NULL,NULL,6,'0/1/2/6/','3','1','rolePermission:setting');
/*!40000 ALTER TABLE `t_permission` ENABLE KEYS */;
UNLOCK TABLES;

--
-- Table structure for table `t_role`
--

DROP TABLE IF EXISTS `t_role`;
/*!40101 SET @saved_cs_client     = @@character_set_client */;
/*!40101 SET character_set_client = utf8 */;
CREATE TABLE `t_role` (
  `id` int(11) NOT NULL AUTO_INCREMENT,
  `name` varchar(20) NOT NULL,
  `available` varchar(10) DEFAULT NULL COMMENT '是否可用,1：可用，0不可用',
  PRIMARY KEY (`id`)
) ENGINE=InnoDB AUTO_INCREMENT=22 DEFAULT CHARSET=utf8;
/*!40101 SET character_set_client = @saved_cs_client */;

--
-- Dumping data for table `t_role`
--

LOCK TABLES `t_role` WRITE;
/*!40000 ALTER TABLE `t_role` DISABLE KEYS */;
INSERT INTO `t_role` VALUES (1,'管理员','true'),(2,'行政管理','true'),(3,'学生','true'),(17,'学院领导','true'),(18,'社区辅导员','true'),(19,'职业导师','true'),(20,'助理管理员','true'),(21,'教师','true');
/*!40000 ALTER TABLE `t_role` ENABLE KEYS */;
UNLOCK TABLES;

--
-- Table structure for table `t_role_permission`
--

DROP TABLE IF EXISTS `t_role_permission`;
/*!40101 SET @saved_cs_client     = @@character_set_client */;
/*!40101 SET character_set_client = utf8 */;
CREATE TABLE `t_role_permission` (
  `id` bigint(20) NOT NULL AUTO_INCREMENT,
  `sys_role_id` int(11) NOT NULL COMMENT '角色id',
  `sys_permission_id` bigint(20) NOT NULL COMMENT '权限id',
  PRIMARY KEY (`id`)
) ENGINE=InnoDB AUTO_INCREMENT=435 DEFAULT CHARSET=utf8;
/*!40101 SET character_set_client = @saved_cs_client */;

--
-- Dumping data for table `t_role_permission`
--

LOCK TABLES `t_role_permission` WRITE;
/*!40000 ALTER TABLE `t_role_permission` DISABLE KEYS */;
INSERT INTO `t_role_permission` VALUES (9,1,2),(10,1,3),(12,1,5),(28,1,11),(55,1,6),(56,1,22),(69,1,15),(70,1,16),(71,1,17),(72,1,18),(75,1,21),(76,1,4),(82,2,5),(84,2,15),(91,1,12),(92,1,13),(93,1,14),(94,1,23),(95,1,24),(96,1,25),(97,1,19),(98,1,20),(100,1,26),(101,1,27),(102,1,28),(103,1,29),(104,1,30),(105,1,31),(106,1,32),(107,1,33),(108,1,34),(109,1,35),(110,1,36),(111,1,37),(112,1,38),(113,1,39),(114,1,40),(115,1,41),(116,1,42),(117,1,43),(119,1,45),(121,1,47),(122,1,49),(123,1,48),(124,1,50),(126,1,52),(127,1,53),(131,3,15),(133,1,57),(134,1,58),(135,1,59),(136,1,56),(139,1,51),(140,3,60),(141,1,61),(142,1,62),(143,4,12),(148,4,15),(150,4,18),(163,2,48),(166,3,63),(167,3,64),(168,1,65),(169,1,67),(170,1,66),(171,1,68),(172,1,69),(173,1,70),(174,6,12),(175,6,13),(176,6,66),(177,6,14),(178,6,58),(179,6,59),(180,6,49),(181,6,68),(182,6,50),(183,6,61),(184,6,69),(185,6,51),(186,6,62),(187,6,70),(188,6,65),(189,6,67),(191,4,48),(206,14,15),(227,14,12),(228,14,13),(229,14,14),(230,14,58),(231,14,59),(232,14,49),(233,14,50),(234,14,61),(235,14,51),(236,14,62),(237,14,65),(238,14,2),(239,14,11),(240,14,6),(241,14,57),(242,14,47),(243,14,26),(244,14,48),(245,14,16),(246,14,27),(247,14,17),(248,14,18),(249,14,19),(250,14,52),(251,14,20),(252,14,31),(253,14,53),(254,14,21),(255,9,12),(259,2,12),(260,2,59),(266,2,21),(267,3,71),(268,9,58),(270,9,50),(271,9,51),(272,9,15),(274,9,48),(275,9,18),(279,2,49),(283,2,47),(284,2,18),(285,4,50),(286,4,51),(287,4,47),(289,9,47),(290,4,58),(291,1,72),(292,1,73),(293,1,74),(294,1,77),(295,1,78),(296,1,75),(297,1,76),(299,11,12),(300,11,50),(301,11,51),(302,11,15),(303,11,47),(304,11,78),(305,11,48),(306,11,18),(307,4,79),(308,4,79),(321,1,80),(322,1,81),(323,1,82),(324,1,83),(325,1,84),(326,1,85),(327,1,86),(328,1,87),(329,1,88),(330,19,12),(331,19,14),(332,19,58),(333,19,59),(334,19,50),(335,19,51),(336,19,15),(337,19,47),(338,19,78),(339,19,48),(340,19,79),(341,19,80),(342,19,81),(343,19,82),(344,19,85),(345,19,18),(346,19,72),(347,19,74),(348,17,12),(349,17,14),(350,17,58),(351,17,59),(352,17,49),(353,17,50),(354,17,62),(355,17,15),(356,17,47),(357,17,78),(358,17,48),(359,17,18),(360,17,72),(361,17,74),(362,18,12),(363,18,58),(364,18,50),(365,18,61),(366,18,15),(367,18,47),(368,18,78),(369,18,48),(370,18,83),(371,18,84),(372,18,86),(373,18,87),(374,18,18),(375,18,72),(376,18,74),(377,20,12),(378,20,13),(379,20,14),(380,20,58),(381,20,59),(382,20,49),(383,20,50),(384,20,51),(385,20,62),(386,20,65),(387,20,15),(388,20,47),(389,20,77),(390,20,78),(391,20,75),(392,20,76),(393,20,48),(394,20,18),(395,20,72),(396,20,74),(397,20,21),(398,2,78),(399,2,72),(400,2,74),(401,21,12),(402,21,58),(403,21,49),(404,21,50),(405,21,15),(406,21,47),(407,21,78),(408,21,48),(409,21,18),(410,21,72),(411,21,74),(412,20,52),(413,1,120),(414,1,79),(415,1,121),(416,20,121),(417,20,79),(418,20,80),(419,20,81),(420,20,82),(421,20,83),(422,20,84),(423,20,85),(424,20,86),(425,20,87),(426,1,71),(427,19,49),(428,1,89),(429,1,122),(430,1,44),(431,1,46),(432,1,7),(433,1,8),(434,1,9);
/*!40000 ALTER TABLE `t_role_permission` ENABLE KEYS */;
UNLOCK TABLES;

--
-- Table structure for table `t_user`
--

DROP TABLE IF EXISTS `t_user`;
/*!40101 SET @saved_cs_client     = @@character_set_client */;
/*!40101 SET character_set_client = utf8 */;
CREATE TABLE `t_user` (
  `username` varchar(20) DEFAULT NULL,
  `password` varchar(20) DEFAULT NULL,
  `roleId` int(11) DEFAULT NULL,
  `available` tinyint(1) DEFAULT '1',
  `name` varchar(20) DEFAULT NULL,
  `staff` varchar(10) DEFAULT NULL
) ENGINE=InnoDB DEFAULT CHARSET=utf8;
/*!40101 SET character_set_client = @saved_cs_client */;

--
-- Dumping data for table `t_user`
--

LOCK TABLES `t_user` WRITE;
/*!40000 ALTER TABLE `t_user` DISABLE KEYS */;
INSERT INTO `t_user` VALUES ('admin','admin',1,1,'管理员 ','管理员'),('test','test',3,1,'测试账号','测试'),('74040301','064710',2,1,'付宏科','行政主管'),('76120140','250459',17,1,'王晓华','学院领导'),('79070159','141617',17,1,'薛晓明','学院领导'),('84041023','12101X',17,1,'高鹏','学院领导'),('80091316','154028',17,1,'段家菊','学院领导'),('85020484','210842',2,1,'张潇','行政主管'),('89031731','24133X',18,1,'单勃','社区辅导员'),('90091578','214819',18,1,'吴亚伟','社区辅导员'),('76060501','080026',20,1,'张晓楠','行政主管'),('90081580','265843',19,1,'赵慧娟','职业导师'),('84080689','100024',19,1,'聂新磊','职业导师'),('82031710','253189',21,1,'贠聿薇','专职教师'),('81110374','273515',20,1,'马珍珂','行政主管'),('88051657','313824',21,1,'李萌','专职教师'),('84121667','125176',19,1,'王洪泉','职业导师'),('84050220','133964',20,1,'谢颖妮','行政主管'),('85021585','276744',19,1,'靳燕英','职业导师'),('87061581','230512',19,1,'李康','职业导师'),('88080597','07211X',19,1,'陈明','职业导师'),('90111664','100429',19,1,'童乐','职业导师'),('105010000104','311610',3,1,'吕俊杰','学生');
/*!40000 ALTER TABLE `t_user` ENABLE KEYS */;
UNLOCK TABLES;
/*!40103 SET TIME_ZONE=@OLD_TIME_ZONE */;

/*!40101 SET SQL_MODE=@OLD_SQL_MODE */;
/*!40014 SET FOREIGN_KEY_CHECKS=@OLD_FOREIGN_KEY_CHECKS */;
/*!40014 SET UNIQUE_CHECKS=@OLD_UNIQUE_CHECKS */;
/*!40101 SET CHARACTER_SET_CLIENT=@OLD_CHARACTER_SET_CLIENT */;
/*!40101 SET CHARACTER_SET_RESULTS=@OLD_CHARACTER_SET_RESULTS */;
/*!40101 SET COLLATION_CONNECTION=@OLD_COLLATION_CONNECTION */;
/*!40111 SET SQL_NOTES=@OLD_SQL_NOTES */;

-- Dump completed on 2017-12-12 17:38:26
